Timestamp,Town,Business Name #1,Business Name #2,Business Name #3,Business Name #4,Business Name #5,Business Name #6,Business Name #7,Business Name #8,Business Name #9,Business Name #10,Grand List Value #1,Grand List Value #2,Grand List Value #3,Grand List Value #4,Grand List Value #5,Grand List Value #6,Grand List Value #7,Grand List Value #8,Grand List Value #9,Grand List Value #10,Comments
8/20/19 15:04,Groton,"Pfizer Inc.,",Electric Boat Corp,Ledges Groton #199Y LP,Exit 88 Hotel LLC,Groton Development Assoc LTD,Groton Fuel Cell I LLC,CW Groton Square LLC,Winterfell Windham Falls,Elk La Triumphe,Branford Manor Preservation LP,322120250,287676760,27845860,21524220,19920670,19250000,18480000,16648991,16270510,13340910,
8/20/19 15:22,Ledyard,Mashantucket Pequot Tribe/Tribal Nation/Gaming Enterprise,Conn Light & Power,Fox Run-Ledyard LLC,Trinseo,Yankee Gas Services,308 GRCC LLC,Riverside Mall Inc,Third Garden Park LP,U-Store It,Terra Firma Inc,30053079,29915141,6808093,4679817,2846257,2500330,2464630,2091738,1867180,1775223,
8/20/19 15:26,Southbury,"CL & P 38,220,640","IBM 19,580,840","Heritage Village Water 11,549,830","Comsat 4,258,130","Banc of America Leasing 4,170,110","Yankee Gas Services 2,479,540","Grade A Shoprite 2,178,860","S & S Paving 1,942,550","Firstlight Hydro Generating 1,717,320","Stop & Shop 1,706,650",,,,,,,,,,,
8/20/19 15:28,STERLING,EMPIRECO LIMITED PARTNERSHIP,CONNECTICUT LIGHT AND POWER CO,FALLS CREEK FARM SHOW HORSES LLC,STERLING MATERIALS LLC,DUBOIS CHEMICALS INC,MAXAM INITIATION SYSTEMS,CORSON CHARLES W JR,FAIELLA ENTERPRISES LLC,WINTERBLOOM FARM LLC,DETOTEC NORTH AMERICA INC,4052050,3960420,2448110,1157320,1096300,960360,870780,723670,722010,705790,FOR THE GRAND LIST OF 2018
8/20/19 15:34,BROOKFIELD,CONNECTICUT LIGHT & POWER CO,CANDLEWOOD LAKE RD LLC,IROQUOIS GAS TRANSMISSION SYSTEM LP,S & W BROOKFIELD LLC,HRT BARNBECK PLACE LLC,MICHAEL & MICHAEL II LLC,PHOTRONICS INC,BROOKFIELD (E & A) LLC,TOWNE BROOKE COMMONS LLC,246A FEDERAK RD BROOKFIELD LLC,48190150,23187543,21160690,21030364,13261650,12980289,12648480,10044290,8917640,8832620,MOST OF THE TOP TEN ARE NOT THE HIGHEST EMPLOYERS
8/20/19 15:52,Essex,Essex Meadows Properties Inc,Connecticut Light & Power,Lee Company,SHM Dauntless LLC,Essex Savings Bank,Griswold Inn LLC The,Cline Stephen R Successor Trustee,MacBeth Ventures LLC,Clark Herbert T III,SKR Partners LLC,23330450,8843590,7665580,5293840,4377220,3552900,3360500,2779400,2774460,2447400,
8/20/19 15:55,East Haven,Vigliotti Owned Properties,PAR Mill Street LLC,Nutmeg Woods/Autumn Ridge Apts,Benchmark GPT,Schaffer Owned Properties,LJG Trolley Square LLC,Rossano Owned Properties,Home Depot USA,United Illuminating Co,Fox Haven Plaza,27218060,15128520,14974690,13892480,13016200,12075000,11304830,11010810,10979940,8400000,
8/20/19 15:59,Mansfield,EDR STORRS LLC,CONNECTICUT LIGHT & POWER CO,SCT STORRS CENTER I LLC,EDR STORRS II LLC,EASTBROOK F LLC & EASTBROOK W LLC,CT LIBERTY GROUP LLC,EDR STORRS IC LLC,UCONN/CELERON SQ ASSOC LLC,UNIGLOBE INVESTMENT LLC,UNITED ILLUMINATING COMPANY THE,37557360,36401300,27083000,26881920,13158500,9644900,9354800,8935200,8308100,8240050,
8/20/19 16:00,New London,Electric Boat Corporation,Connecticut Light & Power,Yankee Gas Services Co.,Cedar PCP-New London LLC,Vesta Winthrop LLC,Ocean Beach Apartments LLC,Ansonia Acquisitions I LLC,New London Shopping Center LLC,Renaissance City Development Assoc,Computer Sciences Corporation,65475916,33883810,30787300,23827930,18162900,16946880,16365270,12657890,9940490,8853280,
8/20/19 16:56,Woodbridge,Connecticut Light & Power,United Illuminating Company,21 Bradley Road Woodbridge LLC,Sabra Health Care Holdings III LLC,S H Forty Nine Propco Woodbridge,KFP Family Limited Partnership,1764 Litchfield Turnpike LLC,O P Inc,Research Development at Bradley Road LLC,FPJ Amity Holdings LLC,25942720,12541740,7481390,6038690,4858350,4661930,4319370,3077970,2549470,2033990,
8/20/19 18:42,Bethlehem,"Eversource $4,585,980","Health Real Estate Holdings LLC $3,113,950","Millspaugh Properties LLC $1,402,600","Monroe Operations $1,145,300","Watertown Fire District $1,143,900","Dufour John R Trustee $1,032,450","ERK Development $916,900","Perricone Anthony & Greengerg Toby $877,820","Underwood Lisa & Barnes Michael $866,150","Bethlehem Homes $850,800",,,,,,,,,,,
8/21/19 7:42,Ledyard,Mashantucket Pequot Tribe/Tribal Nation/Gaming Enterprise,Conn Light & Power,Fox Run Ledyard LLC,Trinseo LLC,Yankee Gas Service,308 GFCC LLC,Riverside Mall Inc,Third Gard Park LP,U-Store IT,Terra Firma Inc,30053079,29915141,6808093,4679817,2846257,2500330,2464630,2091738,1867180,1775233,
8/21/19 7:48,Woodbury,CT Light and Power Company,"O&G Industries, Inc",Woodbury Knoll LLC Delaware,SMH Grandview LLC,GCO Enterprises LLC,Little Portion Properties,Monrovia Mob LLC,Scott James M,Yankee Gas Services,Laskas Peter & Carolyn,17621040,13600920,4220890,4160240,3810470,2805930,2732580,2354160,1990070,1915930,
8/21/19 8:04,Hebron,HEBRON SENIOR LIVING LLC (COLEBROOK VILLAGE),CONNECTICUT LIGHT & POWER CO,HEBRON LINCOLN LLC,CONNECTICUT WATER COMPANY,VILLAGE SHOPPES LLC,HEBRON COUNTRY MANOR LLC,HEBRON PROPERTIES LLC,BLACKLEDGE COUNTRY CLUB INC,41-61 MAIN STREET LLC,TOYOTA LEASE TRUST,12371120,10982140,245000,1958370,1835070,1807060,1512170,1470190,1308340,981600,
8/21/19 8:15,Rocky Hill,CONN NATURAL GAS CORP,CENTURY HILLS PROPERTY OWNER LLC,RP GLENBROOK LLC,MKS 500 ENTERPRISE LLC,BURRIS LOGISTICS INC,HENKEL CORPORATION,ROCKY HILL HOLDINGS LLC,CONN LIGHT AND POWER (EVERSOURCE),ROCKY HILL HOTEL PARTNERS LLC,VTR Northeast Holdings LLC,47768190,41972350,31269490,26385080,24683220,21338660,19171180,19115010,14650010,14237090,
8/21/19 8:15,Burlington,NEW BRITAIN CITY OF,METROPOLITAN DISTRICT COMMISSION,CONNECTICUT LIGHT & POWER,CARRIER HOME BUILDERS INC,BRISTOL CITY OF,NJA ASSOCIATES LLC,HEARTHSTONE LIVING LLC,O & G INDUSTRIES,TORRINGTON WATER COMPANY,MERRITT & HOLBY LLC,13099940,11034920,8754680,3331880,3013850,2097270,2048480,1402010,1215360,1088570,VALUES ARE NET OF EXEMPTIONS
8/21/19 8:17,Sterling,Empireco Limited Partnership,Connecticut Light And Power Co,Falls Creek Farm Show Horses LLC,Sterling Materials LLC,Dubois Chemicals Inc,Maxam Initiation Systems,Corson Charles W Jr,Faiella Enterprises LLC,Winterbloom Farm LLC,Detotec North America Inc,4052050,3960420,2448110,1157320,1096300,960260,870780,723670,722010,705790,2018 Grand List Figures
8/21/19 8:18,Stafford,CT Light and Power,Big Y Foods Inc,Athena Stafford Springs Landlord LLC,The Connecticut Water Company,TTM Printed Circuit Group Inc,Pisciotta Wayne and Jean LLC,American Woolen Company Inc,3M Water Purification Inc,Stafford Springs Retail LLC,Cuno Inc,13050680,5883060,5738110,5240800,5153870,4495310,3587950,2638430,2078650,1986810,
8/21/19 8:33,Watertown,Connecticut Light & Power Co,JSD Partners LLC,Greenbriar Associates LLC,Siemon Company,Yankee Gas,Siemon Cmopany,EAN Holdings,Global Stearing Systems LLC,Straits LLC,ACAR Leasing,55945060,7441500,7406900,6663410,6537670,6526700,6116010,6088180,5994500,4752210,
8/21/19 8:36,New Hartford,Metropolitan District Water Bureau,Connecticut Light and Power,Home Depot,Ski Sundown Inc.,PNL Nutmeg LLC,Hitchcock Properties LLC,Zahnradfabrik LLC,"Marandino, John P. and Peter A.",New Hartford Industrial Park Inc.,Altra Industrial Motion,11659530,10894110,6717680,2874370,2430750,1991220,1865360,1520530,1299740,1239120,
8/21/19 8:43,New Britain,Connecticut Light & Power,Stanley Black & Decker Inc,Pebblebrook Apartments LLC,Jubilee Equities LLC,Connecticut Natural Gas Corp,Corwest Plaza Power LLC,Healthcare Portfolio III DST,Corbin Pinnacle LLC,Paramount Plaza At New Brite LLC,NB-BTMC LLC,73811900,49223351,22750000,17232950,15116870,14984340,13217980,10664650,10150000,10150000,
8/21/19 8:57,Cheshire,INDUSTRIAL AVENUE LLC,CONNECTICUT LIGHT AND POWER COMPANY,BOZZUTOS INC,YANKEE GAS SERVICE,CT INDY CH LLC,MACY'S CORPORATE SERVICES INC,WFM PROPERTIES CHESHIRE LLC,MACY'S CORPORATE SERVICES INC,CHESHIRE ILMR LLC,EDAC TECHNOLOGIES CORPORATION,,,,,,,,,,,
8/21/19 9:01,Thomaston,Connecticut Light & Power,Albea,Yankee Gas Services Co.,Thomaston Savings Bank,Connecticut Water Co.,Summit Corp of America,Thomaston Valley Village,Tyler Properties LLC,GLC Associates One LLC,Subs Realty LLc,18983130,9435280,3985950,3858590,3446300,3333700,3137750,2933160,2723340,2172730,
8/21/19 9:19,Putnam,Eversource (CL&P & Yankee Gas),Putnam Acquisition LP,Putnam Downtown LLC,Putnam LLC,Staples Inc,D&M Group LLC,Pall Corporation,JR&R II LLC,Tegrant Diversified Brands Inc,Providence Pike Parkade LLC,49323550,10078070,9870000,7093880,6816639,5368980,5171140,5019400,4155830,4094800,Grand List numbers are Net Assessments for the 2018 Grand List
8/21/19 9:26,Bridgewater,PETER MAY,ROBERT & ADRIANA MNUCHIN,IRON ORE HILL LLC,CONNECTICUT LIGHT & POWER CO,JOSEPH AND LAURA COURTNEY,KATHLEEN BERTRAM,CHARLES AND THERESA DELANEY,ROY AND VIRGINIA YOUNG,RAMARAX HOLDINGS LLP & DEFER LLLP,SHANNON AND DANIELLE YOUNG,6521950,3903400,3743500,3001720,2936700,2739940,2727240,2715090,2564350,2543230,
8/21/19 9:27,East Hartford,United Technologies Corp.,Goodwin College,Eversource,Connecticut Natural Gas,Merchant Group,Fremont Group,Coca-Cola Bottling Company of Northern New England,Ansonia Acquisitions LLC,Cabela's Inc.,Colonial Rivermead MHC LLC,502111500,126708080,49364430,31378940,29680340,27246860,25502210,23738590,20209950,18413610,"Values are totals including real estate, personal property, and motor vehicle amounts, including taxable and non-taxable property. Please contact us if a different calculation is desired."
8/21/19 9:30,Mansfield,EdR Storrs LLC,Connecticut Light & Power Co,SCT Storrs Center I LLC,EdR Storrs II LLC,Eastbrook F LLC & Eastbrook W LLC,CT Liberty Group LLC,EdR Storrs IC LLC,UConn/Celeron Sq Assoc LLC,Uniglobe Investment LLC,United Illuminating Company The,37557360,36401300,27083000,26881920,13158500,9644900,9354800,8935200,8308100,8240050,
8/21/19 9:33,West Hartford,Sof-Ix Blue Back Square Holdings LP,West Farms Mall LLc,Connecticut Light & Power,Corbins Corner Shopping Center LLC.,SF WH Property Owner LLC.,Town Center West Associates,McAuley Center Incorporated,BFN Westgate LLc,Steele Road LLC.,Bishop's Corner (E&A) LLC.,80035440,52579570,44538820,42378420,29271060,28068950,25529610,20515980,20047790,18884600,361850240
8/21/19 9:34,Winchester,Connecticut Light,Winrock LLc,Yankee Gas,Litchfield Gardens Assoc,Electric Motion,JP Morgan Chase,Litchfield Heights Apartments LLC,Howmet Castings,Adam Reeder,Camp Wahnee Assoc,487897,310345,229361,126417,106045,49061,82232,45347,64124,61951,these are dollar amounts
8/21/19 10:04,Lisbon,Lisbon Landing LLC,Wal-Mart Real Estate Business Trust,Lisbon Investors LLC,Home Depot USA Inc,Target Corporation,Lisbon Landing Phase II LLC,Connecticut Light & Power Co,Lisbon River Road LLC,Tucker Development Group LLC,Aldi Inc,14972590,12958730,11114530,8985330,7974450,7149140,5074620,2467790,2141710,2032610,Based on the 2018 Grand List
8/21/19 10:10,Bristol,ESPN,Connecticut Light & Power/Eversource,Covanta,Bristol Center LLC,Bristol Sports Center,Federal Realty Investment Trust,Carpenter Realty Company,Festival Fun Parks/Lake Compounce,Yankee Gas Service Co,D'Amato Contruction/Affiliated LLCS,237962440,63343420,33986610,33513690,25297930,22658300,20944640,20749940,18815010,18762367,
8/21/19 10:10,Cornwall,C & D Farms,CL & P,"Lendel, Ivan & Samantha","Walzer, Roy",FCCP LLC,56 Whitcomb LLC,Push'em Up Farm LLC,40 Cobble Hill Rd LLC,"South, Hamilton IV",Mohawk Mountian Ski Area Inc,7495900,7334890,5965480,4957700,3879600,3086000,2976900,2899200,2555600,2224300,
8/21/19 10:11,Kent,CONNECTICUT LIGHT AND POWER,ROCK COBBLE FARM LLC,BLITZER DAVID D TRUSTEE,RACHEL FITCH LLC,KENT SCHOOL CORP,IRON MOUNTAIN PROPERTY LLC,KESWIN JEFFREY A AND ERICA,JLAA LLC,COHN MITCHELL D TRUSTEE,WILLOW BROOK FARMS LLC,8573040,5581450,5249500,4644700,3874700,3701400,3632500,3544700,3535000,3508530,TOP 10 TAXPAYERS
8/21/19 10:12,Salisbury,Connecticut Light & Power,Aquarion Water Company,ITW Insert Molded Products,Ford Motor Company,Salisbury Bank & Trust Company,Interlaken Inn Associates LTD,General Motors LLC,Labonnes Market,Skip Barber Racing School LLC,The White Hart,10554160,3311840,1635190,663390,590100,373140,326970,304180,285220,264250,"these are the top 10 businesses, not our top 10 overall"
8/21/19 10:37,Stamford,BLT Group,RFR Properties,GAIA Acquisitions LLC,UB Stamford LP,ESRT First Stamford Place,George Comfort & Sons,Reckson,Four Hundred Atlantic Title,Avalon,RBS Americas Property Corp.,781650469,359415030,274480240,186947750,167022390,151873610,140907240,114924210,111945680,110555780,
8/21/19 11:01,Essex,ESSEX MEADOWS PROPERIES INC,CONNECTICUT LIGHT & POWER CO,LEE COMPANY,SHM DAUNTLESS LLC,ESSEX SAVINGS BANK,GRISWOLD INN LLC THE,CLINE STEPHEN R SUCCESSOR TRUSTEE,MACBETH VENTURES LLC,CLARK HERBERT T III,SKR PARTNERS LLC,23330460,8843590,7665580,5293840,4377220,3552900,3360500,2779400,2774460,2447400,2018 Grand List top taxpayers bills paid in 2019
8/21/19 11:37,Bethel,CONNECTICUT LIGHT & POWER,DURACELL INC,STEINER,CEDAR-BETHEL LLC,RMS,BETHEL HEALTH & REHABILITATION,TARGET CORP,BFM LIMITED PARTNERSHIP,TOLL CT II LIMITED PARTNERSHIP,E W BATISTA FAMILY LIMITED PARTNERSHIP,85904520,47301750,15692960,14064960,12879270,12223530,11411000,9475920,9407920,8605600,
8/21/19 11:50,Easton,Aquarion Water Co of CT,The Connecticut Golf Club,The United Illuminating Co,Financial Ser. Veh. Trust,Toyota Lease Trust,JP Morgan Chase Bank,Daimler Trust,Gilberties Land Co,"Chapman, Michael Trustee",Nissan Infiniti LT,39133270,6247610,4036650,2456000,2399400,2188660,1783770,1634490,1613010,1542130,
8/21/19 11:51,Hartford,Eversource,Travelers,Hartford Fire Insurance,Aetna,RP Asylum LLC,Hartford Hospital,Mac-State Square,Talcott II Gold LLC,Constitution Plaza Holding LLC,Hartford Steam Boiler Inspection and Insurance,187100220,143242540,124275240,108548570,72425499,51186660,49000000,44936600,41354970,37619970,
8/21/19 11:59,Simsbury,CONNECTICUT LIGHT AND POWER CO,E&A/I&G SIMSBURY COMMONS LP,SIMSBURY DEVELOPERS LLC,DORSET CROSSING APARTMENTS LLC,EXECUTIVE RISK INDEMNITY INC,HIGHCROFT SIMSBURY LLC,BW MILL COMMONS LLC,HOFFMAN ENTERPRISES LIMITED PARTNERSHIP,SL SIMSBURY LLC,SIMSBURY COMMONS NORTH (E&A) LLC,34653950,25952630,21774600,19533560,16473460,15389610,13367640,11075400,10143920,8995000,Information provided is based on the 2018 Grand List
8/21/19 12:19,Stonington,CONNECTICUT LIGHT & POWER CO,MYSTIC CT SENIOR PROPERTY LLC,AQUARION WATER CO OF CT,SENIOR LIVING BY MASONICARE,MASHANTUCKET PEQUOT TRIBE,DDH HOTEL MYSTIC LLC,ERSNIKOFF JOYCE O TRUSTEE,VIII-HII-WHITEHALL AVENUE LLC,YANKEE GAS SERVICES CO,SPIRIT MASTER FUNDING X LLC,40889019,24245791,14857242,29417500,10914200,10502283,10075918,10075831,8355359,8294013,Senior Living by Masonicare (pilot) mill rate for town government portion
8/21/19 12:41,BOLTON,Conn. Light & Power,"Gorra, Jennie Trustee","Fiano, Lawrence F.",174 Hop River Rd LLC,Simoniz USA,Bolton Ice Palace LLC,Howard Road Realty LLC,Sunset Apartments LLC,Carlyle Johnson Machine Co LLC,VPC Associates LLC,4740480,3134800,1833730,1270800,1163160,1041720,1038700,935260,917500,806400,
8/21/19 12:51,Wethersfield,Wethersfield Apartment Associates LLC,Executive Square LTD Partnership,Cedar-Jordan Lane LLC,CT Light & Power Co.,Wethersfield Shopping Center LLC Et Al,100 Great Meadow Road,CT Natural Gas Corp,Goodwin Gardens LLC,Goff Brook Shoppes of Wethersfield LLC,Extra Space Properties 131 LLC,21700000,19552960,15848780,15305160,14700000,14080150,9926100,9300690,7578350,7069240,
8/21/19 13:06,Canton,W/S PEAK CANTON PROPERTIES LLC,EVERSOURCE,KOHLS (STORE#661),WAKEFERN FOOD CORPORATION,CPIMF1 UCHSCCT LLC,NEW HORIZONS INC,CONNECTICUT WATER CO THE,CT SVC LLC,BOULDER RIDGE ASSOC LIMITED PRTN,CANTON VILLAGE SHOPPING CENTER LLC,37198000,19632370,7444020,6221600,5326650,5034290,4595580,4484900,4303030,3028050,"Please note that these figures represent the current Grand List assessments. It does NOT consider what has been paid in calendar 2019. If you wish to have those figures, please let the Tax Collector know. Thank you."
8/21/19 13:49,Westbrook,Lee Company,T Westbrook Center LLC,Waters Edge Realty LLC,SHM Pilots Point LLC,Connecticut Light and Power,Connecticut Water Company,SCGC,Jensens Inc,The Lee Company,IPC Informations Systems Inc,33431480,27210470,15326040,14211060,11019830,5709600,4493160,4107740,3724580,2921100,
9/18/19 12:34,City of New London,"Electric Boat Corporation $65,475,916","Connecticut Light and Power $33,883,810","Yankee Gas Services Co. $30,787,300","Cedar PCP - New London LLC (NL Mall) $23,827,930","Vesta Winthrop LLC (Apts - Huntington St) $18,162,900","Ocean Beach Apartments LLC $16,946,880","Ansonia Acquisitions I LLC (Apts. Hawthorne Dr.) $16,365,270","New London Shopping Center LLC $12,657,890","Renaissance City Development Association (1 Chelsea St) $9,940,490","Computer Science Corporation $8,853,280",65475916,33883810,30787300,23827930,18162900,16946880,16365270,12657890,9940490,8853280,2018 Grand List
8/21/19 15:12,Colebrook,Conn Light and Power Co. dba Eversource,Metropolitan District Commission,Auclair John and Auclair Randy,Wind Colebrook South LLC,Cellco Partnership,Smith Fletcher,Sweeney William,Conn Light & Power Co. Cogeneration,AT&T Mobilitly LLC,Deangelisl Michael,3790240,3208595,759280,620570,191295,108640,104030,81130,63050,60760,
8/21/19 15:16,New Milford,Eversource,Kimberly Clark Corporation,Firstlight Hydro Generating Company,UB Litchfield LLC,Litchfield Crossing LLC,"Aquarion Water-11,987,510",Home Depot USA Inc,UB NM fairfield Plaza,UB New Milford LLC,NMHC Realty LLC,78090680,25574038,15675440,15334830,13793360,11987510,9314770,5561780,5184200,4460680,
8/21/19 15:25,Ellington,Deer Valley North LLC,Autumn Chase LLC,Deer Valley LLC,Connecticut Light + Power Co,Cornerstone Ellington LLC,Connecticut Water Company,Ellington Cornfield Associates LLC,Oakridge Dairy LLC,West Road Limited Partnership,Natural Country Farms Inc,29871190,27847480,26656440,15102010,10566780,9968580,9040740,8945680,8302370,6046640,TOP 10 TAXPAYERS ON 10/1/18 GRAND LIST--ALL VALUES ARE NET (AFTER EXEMPTIONS)
8/21/19 15:29,North Canaan,Specialty Minerals Inc,Becton Dickinson & Co,Limestone Partners LLC,Canaan Developers LLC,Connecticut Light & Power Co,Riva Associates LLP,Lone Oak Inc,No Canaan Apts Assoc LTD,Canfield Group LLC,HBF LLC,15405560,14921030,11072020,5931560,5741930,3793740,2264220,2033830,1834430,1827970,"The Top Ten Taxpayer list above consists of RE, PP and MV combined"
8/21/19 16:05,Berlin,Rocky River Realty Corp.,Corbin Russwin,TOMZ Corporation,Cedar Brickyard,B & F Machine Co Inc,Stonebridge Berlin Associates & Berlin II Associates,CT Natural Gas,Budney Industries Inc.,"224 Berlin Turnpike (Acura, Et Al)",United Cablevision (Comcast),212478618,34240590,21252800,20163550,17725570,9363400,8928040,8919360,7759660,7416330,
8/21/19 16:06,Colchester,Connecticut Light and Power,Country Place of Colchester,SS1 Colchester,"Norwich, City of",GAIA Colchester,Alpha Q,Sharr Realty,Genesis Health Ventures of Bloomfield,GND TOO of Colchester,S and S Worldwide,20243050,9904980,8337700,4835900,4072340,3987730,3804300,3570000,3547000,3533100,Combined Top Taxpayer
8/22/19 8:24,Manchester,Eversource/CT Light and Power Co.,"Shoppes at Buckland Hills, LLC",Northland Pavilions LLC,Manchester Developers LLC/Buckland Developers LLC/Aspen Woods & Highlands,Prospect ECHN/Prospect Manchester Hospital,Manchester Tolland Development Co,PPF WE 1339 Tolland Turnpike LLC,Brixmor,Wal-Mart/Sam's Club,Waterford Realty LLC,125870140,117494210,65343200,43334210,42607921,30923540,29050000,28503900,27929860,26143930,http://assessmentandcollection1.townofmanchester.org/NewTax/assets/File/Press_release_Grand_List_1-28-2019(1).pdf
8/22/19 10:29,Waterbury,Yankee Gas Services Company,Connecticut Light and Power,Brass Mill Center Mall LLC,Prospect Waterbury Inc,Waterbury Generation LLC,BH Premium Quality Waterbury LLC,Brass Mill Commons LLC,Suso 4 Waterbury LP,Brixmore GA Waterbury LLC,Post University Inc,161018050,112120680,73376780,68258914,46017130,35479730,20075950,18106590,16498050,16312520,
8/22/19 10:44,Wolcott,Connecticut Light & Power Co,ITW Powertrain Metals,ACAR Leasing LTD,Beach Building LLC,New Countryside LLC,Nucap US Inc,Buell Industries Inc,Nissan Infiniti LT,RSK Realty LLC,Toyota Lease Trust,14299030,8128290,4939895,4253400,3957430,3348350,2803940,2577304,2406800,2002774,
8/22/19 13:35,Roxbury,Connecticut,,,,,,,,,,8097550,6343310,5780710,5108270,5036370,3503610,3238550,2961870,2941280,2841080,we have very few commercial properties in Town. None that to my knowledge employ more than 4 people.
8/22/19 14:01,Wilton,CT Light & Power CO DBA Eversource Energy,Teachers Insurance & Annuity Association of America,Avalonbay Communities Inc.,ASML US,Wilton Campus 1691 LLC,Wilton 50 LLC,Wilton 40 LLC,Wilton River Park 1688 LLC,Wilton Retirement Housing LLC,I Park Norwalk II LLC,101155200,63600110,52523520,38185150,29022980,19896350,18485740,16791460,16710800,14820710,
8/22/19 14:17,Chaplin,Algonquin Gas Transmission CO.,Connecticut Light & Power CO.,Zlotnicks Realty LLC,Cellco,Kelly Kristin A,Covey Enterprises LLC,SBA Networks,Landon Walter A,Mott Robert EC & Ellen (1/2) Clavins Holdings LLC,Susley LLC,61211580,14134380,1048800,727300,705420,647300,571500,546610,495800,473300,
8/22/19 15:36,Weston,Connecticut Light & Power Company,"Aspetuck Valley Country Club, Inc.",Aquarion Water Company of Connecticut,Weston Shopping Center Associates LLC,Financial Ser Veh Trust,Toyota Lease Trust,JP Morgan Chase Bank NA,VW Credit Leasing Ltd,,,22348840,9300900,6642940,6571810,5190165,45553517,4477668,4293817,,,
8/22/19 16:49,Vernon,CHAPMAN APTS,SANTINI HOMES,CT WATER CO,TRI CITY PLAZA,PROSPECT ROCKVILLE MEDICAL,CL&P & YANKEE GAS,STOP & SHOP,BOSTON-ROCKVILLE,BRIAR KNOLL APTS,NEW PARK WEST APTS,108931842,77637857,41112312,38007085,31578900,27613214,23692171,12185442,11333114,9704628,
8/22/19 18:12,Hampton,CL&P,UNITED ILLUMINATING CO,STONEHURST AT HAMPTON VALLEY LLC,MILLER ROBERT & WITHEY ANN,CLARK W WOODMANSEE III TRUST,DARIGAN ROBERS J & DEBORAH A,MICKEY PANKAJ LLC,JASKSON NEVILLE,AMERICAN TOWER CORP,DONAHUE PATRICIA A &,14283160,1838480,1170842,983860,680610,637290,626560,605280,573930,531900,
8/23/19 9:22,Lyme,CT Light & Power,Reynolds Subaru/1859 Associates LLC,Fiber Technologies,,,,,,,,8471600,2540851,202045,,,,,,,,
8/23/19 9:24,Granby,Connecticut Light & Power,Granby Developers LLC,Upstream Developers LLC,Arrow Concrete Products,E Living LLC,Baygrape Associates,Granby Holdings LLC,Halmar Inc,Etydan Ventures LLC,Granby Center Associates,14278680,4158770,4087230,3683650,3504420,3461640,3364270,2687020,2160550,2035530,
8/23/19 9:33,East Windsor,CT Light & Power Co.,Wal-Mart Stores East LP,Millpond Limited Partnership,"Southern Auto Sales, Inc.",East Windsor Properties LTD Partnership,Wyndwood Apartments Connecticut LTD Partnership,"Stag East Windsor, LLC",Connecticut Water Co.,"WE 97 Newberry Road, LLC","Stag Industrial Holdings, LLC",342198,291768,251737,203338,181030,160061,139715,139680,129675,125773,
8/23/19 9:35,Middletown,Eversource (FKA CL&P),Aetna Life (Including lessors),Kleen Energy Systems LLC,United Technologies,Middletown Power LLC,FedEx Ground Package System Inc.,Northwoods Apt Assoc LLC,Chestnut Hill Apt Assoc LLC,KJS Middletown Brooke LLC,Windshire Holdings LLC,153182470,92236640,63984690,51197230,44450060,36293708,30363840,29701810,22460400,21547870,"Assessments are based upon NET taxable value (after exemptions) as of the 
October 1 2018 Grand List.

Yankee Gas and the Laurel Cogeneration Interconnect included in Eversource total."
8/23/19 9:48,Barkhamsted,The Metropolitan District,Connecticut Light and Power,"Mallory Brook Plaza, LLC",Sound Garrett Barkhamsted LLC,"Air Realty Group, LLC",Regional Refuse District #1,Rock Tree LLC,West Hill Property LLC,Boulder VIllage Properties LLC,Cedsana Fred A Trustee,34354060,5941330,1833420,1648630,1573300,1190690,1031730,958870,915740,845290,
8/23/19 12:19,Coventry,Connecticut Light and Power,Chester Investment Trust LLC,Connecticut Water Company,White Mountain-Coventry LLC,Nadeau Ronald & Jeannine Trustee,Algonquin Gas Transmission Co.,Meadow Brook of Coventry LLC,Teleflex-CT Devices Inc.,"Von Hirschenberg, Richard F",Coventry Self Storage,22574980,2886100,2835940,2795000,2059450,1922020,1904100,1849790,1802260,1551320,
8/23/19 13:52,Willington,FedEx,ALON EQUITIES LLC,CL & P,GLK REALTY LLC,WILLINGTON PROPERTY GROUP LLC,ROYCE PROPERTIES LLC,LAWRENCE BECKER,RIDGEVIEW WH LLC,DEER PARK MANAGEMENT LLC,C & S WILLINGTON LTD PTNSHP,23023780,9086570,8851770,8837850,6400420,4341350,2367800,2249780,1740850,1583400,
8/26/19 11:18,Plainfield,Lowes Home Center Inc,Greenleaf Power,Connecticut Light and Power Company,PPF WE 85 Moosup Pond Road LLC,Plainfield Renewable Energy LLC,ORL Plainfield LLC,Connecticut Water Company The,Yankee Gas Services Company,Plainfield Parkade Inc,Lathrop Medical Properties LLC,47469660,38250180,15886020,15176700,14000000,7911220,5386590,5223080,4762830,4261720,
8/26/19 12:00,Plainville,BRE DDR Connecticut Commons LLC,Tilcon,Valley Water Systems,CT Light & Power,DOC-21 North Mountain Land LLC,Manafort Brothers LLC,Carling Technologies,Yankee Gas Services Co.,Hayes-Kaufman Plainville LLC,Clean Earth LLC,1718065.62,460983.3,441897.3,431112.47,319920.3,239865.02,231826.94,231225.25,208945.89,167293.88,"The Grand List values submitted are the taxes that were due by July 1, 2019."
8/26/19 12:54,Rocky,CT Natural Gas:,Centruay Hills Property Owner LLC:,RP Glenbrook LLC:,MKS-500 Enterprise LLC:,Burris Logistics:,Henkel Corporation:,Rocky Hill Holdings LLC:,Eversource:,Rocky Hill Hotel Partners LLC:,VTR Northeast Holdings LLC:,47768190,41972350,31269490,26385080,24683220,21338660,19115010,19115010,14650010,14237090,
8/26/19 13:54,Brooklyn,"Wal-Mart 9,100,000","Pierce Memorial Baptist Home 6,386,400","Econn Plaza Associates LLC 3,913,400","ALAR 2 LLC 2,731,600","Brooklyn Elderly Limited Partnership 2,452,400","Overlook Holdings LLC 1,979,100","Quebec Square Housing Inc 1,969,700","Brooklyn Village Apartments LLC 1,766,900","Lehto Paul R 1,461,900","Plover Housing Assoc LMTD PTNSP 1,213,900",,,,,,,,,,,
8/26/19 14:23,Litchfield,Conn Light & Power Co DBA Eversource,CRP/BWN Litchfield LLC,Waterbury City of,6645 Federal Square Realty LLC,White Memorial Foundation Inc,C A Litchfield Land LLC,Aquarion Water Company of CT,Stillman House LLC,130 Chestnut HIll LLC,Union Savings Bank,19600230,6951130,6761900,4700040,3553030,3139350,2897120,2607250,2605440,2596560,
8/27/19 9:57,Portland,St Clements Foundation Inc,Woodgreen Portland Limited Partnership,Buckeye Cattle Comapny LLC,Perry Portland Associates LLC,Oakwood Sports Center of Glastonbury,Carroll Properties III LLC,Portland Care & Rehabilitation,Connecticut Light & Power,Gil Isle LLC,Stor_U-Self Portland Limited,,4282230,2716420,2606800,2492070,1685600,1617070,1610140,1555500,1535940,
8/27/19 14:15,Stratford,"Sikorsky, A Lockhead Martin Company",Second Avenue Development LLC,"Stonybrook Gardens Cooperative, Inc.","UB Dockside, LLC",Avalon at Stratford LLC,ETCL Stratford LLC,Kramont Operating Partnership LP,PC Stratford TOD LLC,UB Railside LLC,Wal-Mart Real Estate Business TR,74430930,21192150,19099710,17097220,16277170,15546090,15497580,14129990,13599740,12782210,
8/27/19 15:46,Monroe,Firstlight Hydro Generating Co,Conn Light & Power Co Inc,Aquarion Water Company of Connecticut,One Eleven Century Plaza LLC,Swiss Army Land Inc,Clocktower Square #1 LLC,NBC Universal Media LLC,Maril LLC,Lake Zoar Properties LLC,Yankee Gas Services Co,32470000,22865950,13673480,9242200,9187500,6262900,6251100,6212900,6006870,5029000,
8/27/19 16:36,Old Saybrook,"Old Saybrook Owner, LLC","Old Saybrook Associates, LLC","Max's Place, LLC","Saybrook Point Marina, LLC","Cubesmart, LP","Mill Meadow Development, LLC","Mill Rock Leasing, LLC","Gladeview, LLC","Colvest Old Saybrook, LLC","Sound Manufacturing, Inc.",23324800,18018200,15369100,14348400,7397900,6514200,5964600,5167200,4818900,3136800,
8/27/19 16:43,Norfolk,Conn Light and Power,Susan M Sheehan,Michael and Susan Foley,Yale Farm LLC,Ashpohtag LLC,Wind Fields Limited Partnership,Doolittle Lake Co.,Coolwater LLC,Sidney Witter,Roger Miller & Patricia Nooy,4596410,2088450,1812860,1552560,1507420,1470660,1396810,1342650,1333520,1300250,
8/27/19 18:14,New Haven,United Illuminating Co.,Winstanley Enterprises,Yale University,Fusco Corporation,PSEG Corporation,MEPT Chapel Street LLC,Carabetta Management,Howe Street Landlord LLC,New Haven Towers,HTA-YLW New Haven LLC,,,,,,,,,,,
8/28/19 9:03,North,Connecticut Light & Power,"Lake of Isles, LLC","Congeries Realty, LLC","Raspberry Junction Holding, LLC","Yankee Gas Services, CO","Kampgrounds of America, Inc.","Pawcatuck Property Management, Inc.",Mashantucket Pequot Tribe,United Rentals,"Hilltop Inn Suites, LLC",13899086,10544850,5918780,5053180,4606948,4170467,3742970,3640563,3072027,2366140,
8/28/19 10:36,NORTH HAVEN,MEDTRONIC,UNITED ILLUMINATING CO,415 WASHINGTON PARTNERS LLC,STAG NORTH HAVEN LLC,AUGUST AMERICA LLC,NORTH HAVEN HOLDINGS LP,ARDENWOOD APARTMENTS LLC,CINEMARK USA INC,NORTH HAVEN CROSSING LLC,BRIARWOOD HILLS LLC,,,,,,,,,,,
8/28/19 11:42,Derby,United Illuminating,500 NHA LLC,49 Pershing Drive LLC,"Home Depot USA, Inc","Antinozzi, Peter etal",Yankee Gas Services,GMS Brothers & Sons LLC,"Realty Income Sub 318, LLC",Red Raider Derby LLC,"Opuszynski, Jean A",13070849,10341660,9425500,8899091,7774240,6509898,5646670,5441380,5086620,2939300,
8/28/19 16:30,Westport,Eversource,60 Nyala Farms LLC,Equity On Westport Village Center,Bedford Square Associates,Byelas LLC,Campan 125 LLC,285 & 355 Riverside LLC,SL Greens Farms Road LLC,Heyman Ronnie F Trustee,Bridgewater Associates,136098970,89277600,35051200,26964700,24424500,20767800,20177600,19937500,19508800,17712920,
8/28/19 16:38,Salem,EVERSOURCE,CADWELL DEBORAH,45 FOREST DRIVE LLC,MANTIS LLC,FIELDSTONE FARMS LLC,INDIANFIELD COOPERATIVE,FOUR A'S LLC,SALEM CENTER LLC,PHILLIPS ROGER & LINDA,ABL REALTY LLC,5528760,2202180,2154162,1780250,1690640,1652700,1518900,1410700,1246060,1134700,
8/28/19 19:40,Union,Connecticut Light & Power,Karl J Krapek Trustee,David Cummings Forkey,Windham Materials LLC,Allison Herr,Kimberly Goudreau,"Howard & Cynthia Mosher, Trustees",CIRV Union LLC,Harry R Plander & Susan K Carl-Plander,Kathleen Weeks,2107540,901730,890680,724470,689760,671280,568670,544420,517710,517710,
8/29/19 8:56,Montville,CL&P,Montville Station LLC,Montville Power LLC,Algonquin Gas Transmission LLC,Home Depost USA Inc,Rand Whitney Contnrbd LTD Part,Bank of America NA,Yankee Gas Services Company,Jensens Inc,WestRock Converting Co,67183400,12961500,11270360,10731720,10724360,9711403,8474090,8446700,6877927,6305200,
8/29/19 9:43,East Granby,"RSCC $28,463,840","Galasso $27,153,810","CL&P $20,433,360","MB Aerospace $12,285,110","United Illuminating $ 9,046,220","Ean Holdings $ 8,886,321","Nufern $ 7,982,890","Barnes Group $ 7,636,080","BDL $ 6,573,000","Paines $ 6,551,930",,,,,,,,,,,
8/29/19 11:59,Norwalk,Connecticut Light & Power,"Merritt 7 Venture, LLC","35 Glover Borrower, LLC","CP IV Waypointe BP 1, LLC","45 Glover Borrower, LLC","597 Westport Owner 1, LLC","25 Glover Borrower, LLC","SPUS7 Riverpark, LLC","Avalon Norden Place, LLC",Avalonbay Communities Inc,353136529,280033663,110179741,119952290,75567184,70710206,64391663,61380669,55864893,53894414,
8/29/19 13:03,Newington,EVERSOURCE/CL&P,IREIT NEWINGTON FAIR,NEWINGTON VF LLC,NEWINGTON GROSS LLC,TLG NEWINGTON LLC,BRIXMOR GA TURNPIKE PLAZA LLC,HAYES KAUFMAN NEWINGTON,TARGET CORPORATION,LOWES HOME CENTERS,FURNITURE EXECUTIVES NO. 4 LP,49060830,21509790,20300000,19462690,18315500,17850000,11895740,11489840,10968560,9853040,
8/29/19 16:10,Scotland,Eversource,Hillyland Farm Inc,Zeiger Road Associates LLC,D'elia A Andrew + Anna Mae,Passarello Pauline M + Guy T,Bass Farm,Savino Joseph + Daniel,Scotland Hardwoods LLC,Perry Russell R + Diana E,Woodmansee Clark W,2692070,617800,546700,535900,492800,453200,431500,422440,412600,393300,
8/30/19 9:18,Farmington,West Farms Associates,Dunn-Sager Affiliates,CL&P,United Technologies,Trumpf Inc,"Delfino,William & Thomas",Columbia Prop Htfd LLC,Farmington CT Senior Prop LLC,Price Reit Inc,NIC 13 Village Gate,177004290,62976870,48431150,44500380,35028120,28090540,27694980,21592930,20952120,20009420,
9/3/19 10:00,South WIndsor,Evesource (CL&P),Shoppes at Evergreen Walk,Aldi Inc.,Dell Equipment Funding LP,DCX Technology FKA CSC,South Windsor Developers,Town Center of South Windsor LLC,Yankee Gas Services Co.,WIM Cor Portfolio,432 Buckland Court,100370450,31928600,30865440,22933810,16084590,13368850,13023700,12992070,12798400,11586100,
9/3/19 12:12,Windham,Connecticut Light & Power,Vesta Windham LLC,Yankee Gas,MHC Stonegate Manor LLC,Colonial BT LLC,Willimantic Station LLC,Walmart Stores Inc,United Abrasives Inc,Prysmian Group (General Cable),Caleb Village Heights,26341070,19218780,10694490,9454630,9164360,8380900,7942370,7221030,6803740,6661780,
9/4/19 9:30,Seymour,Kerite LLC,Janesky Lawrence M & Wendy S,Connecticut Light & Power,LCP Supermarkets Remainder 2000 LLC,Klarides Family Associates LLC,Aquarion Water Co of CT,Thule Sweden,Shady Knoll Landlord LLC,RAF Electronic Hardware,Microboard Processing Inc,13186680,13152510,12037140,5897500,5569690,5377330,4365260,4056500,3328110,3278340,
9/4/19 9:45,East Hampton,Eversource,Landmark East Hampton LLC,Connecticut Natural Gas Corp,Hampton 66 LLC,Global Self Storage LW,East High St Realty LLC,American Distilling,"Pauls & Sandy's Too, Inc",Toyota Lease Trust,Nolsen Inc,20987760,7521320,3507610,3500000,2673480,2387472,2184420,2116910,1774400,1734820,October 2017 Grand List for FY 2019
9/5/19 10:27,Canaan,"Connecticut Light & Power 12,553,980","century aggregates, inc. 771,780","Aquarion Water Co. of CT 552,080","Edward R. Hamilton Bookseller Co. 525,280","First Light Hydro 516,890","CT SolarLease LLC 276,560","Cellco Partnership 255,240","Isabella Freedman Jewish Retreat 227,410","Fiber Tech. Networks LLC 219,240","Birch Mill Farm 139,650",,,,,,,,,,,These are Personal Property Account Total - No Real Estate Property Included
9/5/19 15:29,Salisbury,Connecticut Light & Power,Kimmel Helen Trust,Thomas Wilmer J Jr Marital Trust,Lime Rock Park Llc,Boyett R & Miller T Trustees,Interlaken Inn Associates,Aquarion Water Company,Wmf Partners Llc,Church Homes Congregational,Lakeville Properties Ltd,10554160,9066110,8792030,8125610,8035710,6672600,5537630,5054900,5008200,4718400,
9/5/19 16:08,Newtown,Eversource,E&A / I&G Sandhill Plaza Ltd Partnership,Iroquois Gas Transmission System (CT FO),Newtown Landlord CT LLC,Advanced Fusion Systems LLC,Newtown Shopping Village Limited,Newtown ALF Property LLC,Curtis Packaging Corp,Newtown Savings Bank,M Newtown Assoc LTD Prtnr,45707670,15732280,13800960,11922150,11282600,10397800,7862280,7219430,6777230,6646230,
9/5/19 16:18,Cromwell,Algonquin Gas Transmission LLC,Convenant Home Inc,HBN-CSC LLC,Cromwell Realty LLC,TNO Cromwell LLC,CT Light and Power,Infinity Cromwell Prop LTD PAR,Main Street Equity LLC,R A Cromwell LLC,GKN Aerospace Service Structures Corp,59416070,21998780,16718240,11806398,10994340,10793780,8958740,8518300,8050000,7682750,
9/6/19 10:39,Columbia,DNB LLC,Storage Pros Columbia LLC,Tourgate Realty Inc,Angelides Michael J & Susan H,OSWA LLC,Englert Alice M Trustee,Cornerstone of Columbia LLC,Kasica Gene,Acadia Housing Inc,Commerce Drive Investments LLC,2293100,1964600,1410200,1345900,1145900,1040500,994800,861030,860900,832100,
9/6/19 13:05,Guilford,CT Light & Power Co,Ddr Guilford LLC,Winterfell Gables (CT) Owner LLC,Guilford Plaza Associates Ltd,CM 5775 LLC,66 High Street Guilford LLC,JJeanz LLC,Kaplan Barry A & Rochelle I,Finast Acquistion LLC,Metro 800 LLC,22637670,18797110,12138500,9562260,6564150,6288550,6176770,5647260,5287520,5273950,
9/6/19 13:12,Manchester,Eversource/CT Light and Power Co.,"Shoppes at Buckland Hills, LLC",Northland Pavilions LLC,Manchester Developers LLC/Buckland Developers LLC/Aspenwoods & Highlands,Prospect ECHN/Prospect Manchester Hospital,Manchester Tolland Development Co,PPF WE 1339 Tolland Turnpike,Brixmor Manchester/Brixmor Hale Road/Brixmor Slater Street,Wal-Mart/Sam's Club,Waterford Realty LLC,125870140,117494210,65343200,43334210,42607921,30923540,29050000,28503900,27929860,26143930,
9/6/19 13:18,East Windsor,The Mansions at Canyon Ridge LLC,CT Light & Power Co,Walmart Stores East LP,Southern Auto Sales Inc,Millpond Limited Partnership,East Windsor Properties LTD Partnership,Wyndwood Apartments Connecticut LTD PTNR,CT Water Co,EQC Industrial Properties LLC,Prospect Hill Properties LTD Partnership,21782950,18472250,15750000,15484420,14707560,9772210,8640270,8185470,7000000,5311400,
9/6/19 14:32,Eastford,Whitcraft,Connecticut Light & Power,Yale University School,Pratt & Whitney,Chaplin Road LLC,Howe Barbara M and Jeffrey B,Buchholz David R & Frances F Trustees Of,RGB Realty LLC,Andert Michael G & Laura S,Industrial Pallet,15521440,2472910,1369750,1228940,1027240,478540,477830,457610,455570,445538,
9/6/19 14:57,Deep River,CT Light & Power Co,SHM Deep River LLC,Smith & Wesson Corp,Silgan Plastics Corp,Mislick Family Limited Partnership,CT Water Co,Goodspeed Leasing Co LLC,Southern CT Gas Co,Matulaniec Zibigniew,SI Deep River LLC,7616810,4271840,3992470,3503950,3335290,3117530,2973040,2639120,2590910,2314620,
9/6/19 15:07,North Branford,Evergreen Woods,Regional Water Authority,Tilcon Inc,April Acres LLC,Totoket Woods Realty Co LLC,UI,Southern CT Gas,Fire-Lite Alarms Inc,Northford Ice Pavilion LLC,Marshfield NCM LLC and 335 Benham,50387845,44213134,9058346,8673600,6278804,5623110,5545536,5208173,4025240,3784804,
9/6/19 15:18,Avon,Eversource,GAIA Avon Place LLC,"Two Fifty Five West Main Street, LLC",Avon Mill LLC,CT Water Company,Avon Marketplace Investors,"Nod Brook, LLC",One Hundred One Bickford,Residence at Brookside,Brighenti Family Wellness Center,18191260,15984540,14651339,14432170,14012260,13816530,13309031,9818424,9141535,9030000,
9/6/19 15:34,Haddam,Connecticut Light & Power,Connecticut Yankee Atomic Power,Mcap Sabine Pointe LLC,Cellco Partnership,JDS Gasway Inc,CT solar Lease 2 LLC,Great America Donut Inc,Rummel Jeff,AT&T Mobility LLC,Haris + Ayesha LLC,78032930,21421690,422260,403950,390610,314080,278500,277240,269210,255530,
9/6/19 15:41,Vernon,Chapman Apts,Santini Apts,CT Water Co,Tri-City Plaza,Prospect-Rockville,CL&P and Yankee Gas,Stop and Shop,Boston-Rockville,Briar Knoll Apts,New Park West Apts,108931843,77637857,41112313,38007086,31578900,27613214,23692171,12185443,1333114,9704629,
9/9/19 11:08,Windsor Locks,EAN Holdings,United Technologies,PV Holdings Corp,PPF WE 500 North Street LLC,Hertz,CL&P,Algonquin WL & Liberty Power,American Honda Motors Co,Alstrom Nonwovens LLC & Ahlstrom-Munksjo,Old Country Sr Living LLC/SCT Old County LLC,125181761,108440484,58101536,54327700,43676060,38795857,28854500,28395187,22340257,17438700,
9/9/19 11:21,Seymour,Janesky Lawerence M & Wendy S,CT Light & Power,Kerite LLC,LCP Supermarkets Remainder 2000 LLC,Klarides Family Assoicates LLC,Aquarion Water Company,Thuel Sweden,Kerite LLC,Shady Knoll Landord LLC,RAF Electronic Hardware,13152510,12037140,9027420,5897500,5569690,5377330,4365260,4159260,4056500,3328110,
9/9/19 11:28,Andover,Connecticut Light & Power,Whispering Hills LLC,Marita LLC,Eastern CT Housing Organization,84 Route six LLC,Hillside Self Storage Center LLC,Marcia Kenneth R & Katherine,Beering Robert W,Andover Plaza,Hatem Pamela B,6322860,1295300,971100,780300,765600,654000,582600,551700,526100,516500,
9/9/19 11:33,Woodstock,Crabtree + Evelyn LTD,Laurel Ridge Inc,Linemaster Switch Corp,Mark Christopher W,Rogers Corp,Romacovi Woodstock LLC,Miller Family LLC,Chace Realty LLC,Minardi Maurice,Keil Carl O + Sally B Trustees of,5109200,4296740,3252800,3241590,1915670,1774900,1407580,1174200,1086690,1021650,
9/9/19 11:35,Windsor,Deka (Amazon),Griffin Land & Affiliates,Walgreen Eastern,Northeast Utilities,CIGNA,Voya Retirement Insurance,Dollar Tree Distribution,Hartford Financial Group,Cellco/Verizon,Addison Property Owner LLC,98917654,89562346,76947455,70489608,58521410,56373315,55979689,51404269,34840873,31115350,
9/9/19 13:38,Pomfret,CONNECTICUT LIGHT & POWER CO,LOOS & CO INC,WOODS HILL SOLAR LLC,ROMACOVI POMFRET LLC,LOOS JOAN T,STODDARD JOSEPH & CECILE,FIBEROPTIC TECHNOLOGY INC,YANKEE GAS SERVICES,SIMPSON ANTHONY C & RACHEL,MACLAREN WILLIAM F,11432140,8237580,4147727,2151300,1932760,1357290,1118050,1069170,105800,956240,2018 GL
9/10/19 14:50,Bridgewater,"May, Peter","Mnuchin, Robert & Adrianna",Iron Ore Hill LLC,CT Light & Power Co.,"Courtney, Joseph and Laura","Bertram, Kathleen","Delaney, Charles & Theresa","Young, Roy and Virginia",Ramarax Holdings LLLP & Defer LLLP,"Young, Shannon & Danielle",6521950,3903400,3743500,3001720,2936700,2739940,2727240,2715090,2564350,2543230,
9/10/19 16:22,Lebanon,CT LIGHT AND POWER,ALGONQUIN GAST TRANSMISSION CO,HYPONEX CORP,HILLANDALE FARMS CONN LLC,PRIDES CORNER FARMS INC,HUNTINGTON NATIONAL BANK,GREEN GATE LLC,KORTEN BRIAN L,STONE RIDGE ESTATES LLC,CHARTER FIBERLINK - CT CCO - LLC,45590550,17338770,8669310,7674260,7192890,2392050,1594300,1096100,897870,850570,
9/11/19 14:26,Southington,Eversource,Yankee Gas Services,45 Newell Street Associates (Yarde Metals),Home Depot,RK Southington,Southington/Route 10 Associates,Target Corporation,Execsouth KKF LLC,Olson Murial et al (Wal-Mart Plaza),Briad Lodging Group Southington,,,,,,,,,,,I posted numbers for the Grand List Values but it was asking for a Value in numbers. Unclear if this is an error in the application. It would not submit with the numbers typed in the answer section
9/12/19 18:54,Morris,DUNN LLC,CITY OF WATERBURY,WHITE MEMORIAL FOUNDATION,CONNECTICUT LIGHT AND POWER,WHITE FLOWER FARM INC,GERARDA RELLA,ZAMPINI FAMILY LLC,ROBERT AND MARY ANN DOWNES,TAROUDANT LLC,ISLAND TRAIL LLC,7168690,5919330,5236840,3510410,2644490,2361530,1708070,1701220,1507760,1405760,
9/16/19 10:57,Newtown,Eversource,E&A / I&G Sandhill Plaza Ltd Partnership,Iroquois Gas Transmission System (CT FO),Newtown Landlord LLC,Advanced Fusion Systems LLC,Newtown Shopping Village Ltd,Newtown ALF Property LLC,Curtis Packaging Corp,Newtown Savings Bank,M Newtown Assoc Ltd Prtnr,45707670,15732280,13800960,11922150,11282600,10397800,7862280,7219430,6777230,646230,
9/16/19 14:53,Tolland,Eversource,Capitol Ventures,Gerber Internatonal,JM Associates,MRT of Tolland(Woodlake),Silvas Real Estate(Dari Farms),Norweigan Woods LLC,Ivy Woods LLC,CT Water Company,MJB Real Estate-Star Hill,15595270,13848900,8397870,7128040,6483960,5940590,4882460,4173800,4156160,3870300,
9/16/19 16:23,Naugatuck,Yankee Gas Services Co,Connecticut Light & Power Co,Connecticut Water Company,Garden Homes Naugatuck,Wal-Mart Real Estate,Mancinone Realty,Bridge Shopping Ctr Ltd,Ansonia Acquisitions I LLC,Southwood Gardens LLC,Naugatuck Health Care LLC,1174123,1118375,641599,445557,413092,365526,357475,317351,259447,216020,Numbers reflect total taxes paid for year 2017.
9/19/19 8:26,Suffield,Connecticut Light & Power Company,Tenness Gas Pipeline Co,Suffield 1120 Harvey Lane LLC,Suffield By the River LLC,Connecticut Water Co,HP Hood,Moffied Family Holding,Suffield Chase LLC,Suffield West Apartments LLC,Yankee Gas Services Co,829606,570588,399499,275282,166229,153180,150102,115771,114752,112798,The amounts are Tax $$
9/19/19 16:23,Redding,REDDING LIFE CARE LLC,CONNECTICUT LIGHT & POWER DBA EVERSOUCE,GEORGETOWN LAND DEVELOPMENT COMPANY LLC,ROBERT S PRUSAK,CHIPPAWALLA PROPERTIES INC,ESCAPE FROM CONNECTICUT LLC,AQUARION WATER COMPANY OF CT,REDDING COUNTRY CLUB INC,PIERRE F LAPEYRE,ABCH LLC,78095660,55462540,5813010,5167700,4031600,3926370,3775830,3471300,3179790,3008820,
9/19/19 16:27,Bloomfield,EVERSOURCE ENERGY,HG CONN REALTY CORPORATION,AMCAP COPACO II LLC,TRADER JOES EAST INC,CONN GEN LIFE INS CO,CHURCH HOME OF HARTFORD INC,DUNCASTER INC,METROPOLITAN TOWER LIFE INS CO,WE HAWTHORNE OWNER LLC,CIGNA HEALTH & LIFE INS CO,94615790,41585260,40748911,39223400,38103590,35438520,33422980,31867500,26707660,18269600,
9/19/19 16:40,Madison,Connecticut Light and Power Company,Madison Beach Hotel LLC,Hearth at Tuxis Pon LLC,Davis Realty LLC,Southern Connecticut Gas Company,Sherwood Island 44 LLC,Connecticut Water Company,Debolina LLC,Sabra Health Care Holdings LLC,Stefanowski Robert & Amy,41726230,9254100,6796800,6214100,5909240,5888500,5799830,5585700,5532300,3773900,
9/19/19 16:48,Bozrah,Hillandale Farms Conn LLC,Bozrah Senior Living LLC,Gorin Properties LLC,Gilman Brothers Company,Airgas Merchant Services LLC,DJ Motor Sports LLC,Hendricks Commercial Properties LLC,Condell LLC,NGA Capital LLC,Tejak Realty LLC,6176840,5029440,2175900,2653410,1578550,1577180,1276050,1137960,426900,867300,
9/19/19 16:57,Washington,EVERSOURCE,MFINN2013 LLC,AQUARION WATER COMPANY OF CONNECTICUT,RICHARDS CORPORATION,ALTORELLI ALPHONSE D MD PC,LAKE WARAMAUG COUNTRY CLUB INC,WASHINGTON CLUB INC,UNION SAVINGS BANK,A T & T MOBILITY LLC,ASPETUCK ANIMAL HOSPITAL LLC,13717960,2750740,795490,671020,528090,462110,319090,311600,293970,265300,
9/19/19 17:08,Stafford,Conn Light & Power Co,Big Y Foods Inc,Athena Stafford Springs Landlord LLC,Conn Water Company,TTM Printed Circut group Inc,Pisciotta Wayne & Jean LLC,American Woolen Company Inc,3M Water Purification Inc,Stafford Springs Retail LLC,Cuno Inc,13050680,5883060,5738110,5240800,5153870,4495310,3587950,2638430,2078650,1986810,
9/19/19 18:51,Voluntown,Connecticut Light & Power,Charles River Labs,Charles River Labs Inc,SDKB Enterprise LLC,Longo Tamarack Realty LLC,Haveles Theodore C & Annie T,Lazourack Peter A,Gallup Bryon,Connecticut Water Company,Changing Times LLC,4036420,2618360,1484360,1196010,772680,700450,692040,678730,638030,573790,
9/20/19 9:48,Sharon,VASSAR HEALTH CONNECTICUT INC,CONNECTICUT LIGHT AND POWER,WEATHERSTONE CORP,JOHNS JASPER TRUSTEE,HERRICK ROAD LLC,FISH ROBERT V ll,FIVE FIELDS LLC,SCHWARTZ MICHAEL & BARBARA,SHARON COUNTRY CLUB INC,HAJE PETER & HELEN,15508950,11500590,8624100,6703860,5929820,5724000,4610080,4251360,4029060,4015260,
9/20/19 12:17,Old Lyme,CONNECTICUT LIGHT & POWER CO,GARVIN FAMILY CORP INC,"OLD LYME STORES LIMITED PARTNERSHIP 7,560,000",EPW II LLC,THE CONNECTICUT WATER CO,CHAMBERS HERBERT G,GRAYBILL PROPERTIES LLC,EASTPORT LLC,PATTERSON MICHAEL E & ELANA C,BLACK HALL CLUB INC,14474870,11724780,7560000,5406100,3909560,3160780,3427640,3185900,3113900,3068750,
9/20/19 13:28,Meriden,Conn Light and Power,Meriden Square Partnership,Yankee Gas Services,TLS Group LLC,211 Pomeroy LLC,Meriden Square #3 LLC ET AL,Radio Frequency Systems INC,Sky 103 LLC,Carabetta Enterprises INC,Par Merritt LLC,75662240,57995387,4393504000,28284410,19102320,18818699,17622780,13709570,12873870,11080760,
9/20/19 14:16,Milford,CONNECTICUT POST MALL,EVERSOURCE,MILFORD CROSSING INVESTORS LLC,WOLFF,SMITH REAL ESTATE,WOODMONT ROAD OWNER LLC,SCHICK MANUFACTURING INC,DEVON POWER LLC,CROWN MILFORD LLC,IROQIPOS GAS TRANSMISSION SYS LP,140446262,101269173,62947350,48512593,32758071,25886490,23913420,22657333,21027146,20419556,
9/20/19 16:01,Killingworth,Eversource - CL&P,Jensen Residential Communities LLC,Connecticut Water Co,Pattaconk Farm LLC,"Andeson, Norma R Trustee",M & M Holdings,KTV Cost Fam Limited Partnership,Roman Laura,Moore Deborah,Lockwood Thomas,8403000,5383000,3639640,2051400,1986260,1580840,1396430,1174080,1039960,1028870,
9/21/19 10:57,Danbury,DANBURY MALL ASSOCIATES,"EVERSOURSE (CL&P, YANKEE GAS)",ALGONQUIN GAS TRANSMISSION LLC,BOEHRINGER INGELHEIM,CROWN POINT GARDENS,BRT RESERVE LLC,KENNEDY FLATS PROPERTY CORP,MANKIND CORP,ENTEGRIS,DANBURY DHC LLC & ME AV LLC,270240100,111301280,98827120,94149580,66540400,63699800,38824400,37977880,36569070,34647000,
9/22/19 15:21,Clinton,Chelsea GCA Realty Partnership LP,CT Water Company,JMH Associates,Eversource,NP LLC (Shoprite),Cedar Island Marina,Cheeseborough Ponds,MJM Sel Storage,MGF & Glenwood Road,114 East Main Street,49726605,19231420,13161925,10846080,8794160,5283600,4330650,3790430,3711196,2997113,
9/23/19 8:32,Marlborough,M3-5/OM VILLAGE LLC/MV GREEN INC,CONN LIGHT & POWER CO,BOTH LLC,MILBOROUGH HEALTH CARE REALTY CO,BRIDLE BROOK ESTATES LLC,"KNES, LEANDRA",C & B MARLBOROUGH ASSOC LLCCOUNTRY BARN PROPERTIES,"THIBODEAU, NATHALIE D",TKS HOLDINGS LLC,MORYTKO TAMARA M & BRYAN T,587662210,,,,,,,,,,
9/23/19 13:39,Naugatuck,Yankee Gas Services Co,Connecticut Light & Power Co,Connecticut Water Co,Garden Homes Naugatuck,Mancinone Realty,Wal-Mart,Ansonia Acquisitions I LLC,Bridge Shopping Ctr LTD,Southwood Gardens LLC,Ion Bank,26863550,24512900,14152300,11131780,9435040,8690700,8226990,7486530,6728080,5655120,
9/23/19 14:57,Ashford,Connecticut Light + Power,Perry WH LLC (apts),Ashford Hills LLC (apts),Birch WH LLC (apts),AB Realty LLC,Drake Petroleum Co Inc,Charter Fiberlink - CT CCO LLC,AH 3 LLC + Ashford Housing LLC,NJV LLC,Cumberland Farms,5545320,2114400,1961100,1907400,1554100,1402740,1376850,1270400,1153566,1252970,Assessments are combined real estate + personal property
9/24/19 8:56,Plymouth,Connecticut Light & Power,Connecticut Water Company,Yankee Gas Service Co,City of Bristol Water Dept,Senior Housing at Quail Hollow Inc,Cook Willow Realty Partnership,Inland Intermodal LLC,Dimeo Terryville LLC,Plymouth Village Apts LLC,Spiceco Properties,14426818,6676560,2730790,2604210,234000,1832530,1811530,1739930,1542450,1405250,
9/24/19 8:58,Woodbury,CT LIGHT & POWER CO,O & G INDUSTRIES INC,WOODBURY KNOLL LLC,SMH GRANDVIEW LLC,GCO ENTERPRISES LLC,LITTLE PORTION PROPERTIES,MONROVIA MOB LLC,SCOTT JAMES M,YANKEE GAS SERVICES,LASKAS PETER & CAROLYN,17621040,13600920,4220890,4160240,3810470,2805930,2732580,2354160,1990070,1915930,
9/24/19 9:19,Trumbull,TRUMBULL SHOPPING CENTER #2 LLC,DIGITAL 60 & 80 MERRITT LLC,RDR 5520 LLC,PAR OLD TOWN LLC,UNITED ILLUMINATING CO THE,CONOPCO INC,QUARRY ROAD LOT 2 LLC,6949 MAIN STREET LLC,NATIONAL DEVELOPMENT RESOURCES,SOUTHERN CONN GAS CO,209214250,117085010,89635609,44417040,38588140,21908070,20230000,18144560,17586730,17064410,
9/24/19 12:58,Torrington,Connecticut Light & Power Co,Yankee Gas Service Co AU 71,Torrington Water Company The,Dudrow Torrington LLC,GG TORRINGTON LLC 15/16 & TIC (fka) Torrington Triplets LLC,O & G Industries Inc,Target Corporation,HCP Emfin Properties LLC,MBI Inc,Torrington Commons Improvements LLC,45704720,30707390,20772590,17292280,13918460,10923320,9369950,7655550,7256390,6365050,
9/24/19 13:26,Wallingford,5 Research Parkway Wallingford LLC,Leigus TEI Equities LLC,Connecticut Light and Power,CELLCO Partnership,Yankee Gas Services Co.,Masonicare Health Center,BYK USA,Walmart,Infinity Route 5 Limited Partnership,665 Foxon Road LLC,32200000,30245300,28318330,26530580,25591170,22128260,18465490,15489040,15400000,14781000,These answers are based on 2018 information; 2019 information is not available until Jan. 2020. The Grand List values provided represent the totals for real estate and personal property taxes.
9/24/19 17:18,Goshen,Connecticut Light & Power Co.,Torrington Country Club,Woodridge Lake Property Owners Assoc.,RW Commerford & Sons,Aquarion Water Company of CT,Fay & Wright Excavating,Sunset Meadow Farm LLC,Cellco Partnership,VFS Leasing Co,Yamaha Motor Corp,7414810,3649390,3121880,868550,671980,520500,223080,218670,175000,117110,
9/25/19 9:08,Shelton,Robert Scinto,United Illuminating Co,Avalon Shelton III LLC,Shelton Properties LLC Trustee,Aquarian Water Co of CT,CRE Ivy Brook LLC,714 LLC,HN Property Owner LLC,Shelton Square LTD Partnership,AA Shelton LLC Etals,212843297,71136120,30208150,27999620,26024450,21682850,19399080,18689650,18550000,17784840,
9/25/19 10:19,Hartford,Eversource Energy Co,Travelers Indemnity Co & Standard Fire Ins.Co.,Hartford Fire Insurance AKA The Hartford,Aetna Life Insurance Company,RP Asylum LLC,Hartford Hospital,Mac- State Square LLC,Talcott II Gold LLC,Constitution Plaza Holdings LLC,Hartford Steam Boiler & Inspections & Ins,187100220,83578110,124275240,108548570,72425499,51186660,49000000,44936600,41354970,37619970,All set.
9/26/19 11:23,East Haddam,Conn Light & Power,Fox Hopyard Golf Club,RMD Land Development,Banner Country Club Corp,Healthcare Holdings LLC,aiglesia Ni Cristo Church of Christ,Goodspeed Real Estate LLC,Wildwood Inc,Main Street Forty LLC,"Fox Hopyard Realty, LLC",21853950,3151780,2804730,2228370,2092790,1776530,1725920,1430170,1411810,1384970,
10/1/19 15:30,Killingly,Lake Road Generating,Conn Light & Power,Dayville Property Development,Frito Lay,United Natural Foods,CT Water Co,USR Real Estate Holdings LLC,PJC Realty Co Inc - Rite Aide,Target,Yankee Gas.,123076373,56040450,34585810,26603458,18981210,13735560,13176830,11084080,10173600,8694290,
10/1/19 15:42,Middlefield,CT Light and Power/Eversource,Zygo Corp,Lyman Farm Inc.,Powder Ridge Mountain Park/Holdings,Rogers Manufacturing,"Xenelis Construction/Xenelis, N.",Ramar Hall Inc./KVF Realty,Pitzer K/Vlock Show Stables,T E T Manufacturing /SMCC,Cooper Atkins Corp,18373880,18067900,7747650,3646730,2971820,2385920,2367470,2234750,1820020,1340940,
10/2/19 14:50,Orange,United Illuminating Company,Fairfield Grand Reserve LLC,Connecticut Light & Power,Southern Connecticut Gas Company,Wu/LH co Lighthouse Real Estate Ventures Inc,Orange Plaza LLC,R&F Orange LLC,HD CT Investments LLC,Orange Improvement Partnership,Lowes Home Centers,114235957,23135780,20859660,17030080,15404700,12867700,12044240,11850800,9177400,9025470,
10/2/19 15:02,Bozrah,Hillandale Farms Conn LLC,Bozrah Senior Living LLC,CT Light and Power,United Parcel Services Inc.,Gilman Brothers Co,Airgas Merchant Gases LLC,Gorin Properties,DJ Motor Sports LLC,Hendricks Commercial Properties LLC,Condell LLC,17582780,5035000,3525460,3100050,2603410,2394850,2175900,1577180,1276050,1137960,
10/2/19 15:20,Franklin,Algonquin Gas Transmission LLC,Hillandale Farms Conn LLC,NOG Realty Holdings LLC,CT Light and Power Co,Piotrkowski Samuel R,Franklin Hill Estates & Country Clup LLC,Cushman Farms LP,Franklin Commons Realty LLC,Franlin Nasin LLC,Mohegan Golf LLC,18231860,5914040,4002770,3449530,2225610,1907910,1849580,1587730,1571440,1339890,
10/2/19 15:28,Darien,CL & P,Darien Financing LLC,"Steinkraus, William ET AL",Weeburn C.C.,Country Club of Darien,U B Darien Inc,Virtus/LCB Darien LLC,Woodway Country Club,Contentamiento LLC,Walsh Kevin A TR ET AL,87028302,46322290,35030100,25340019,24777518,22439620,20103860,18992750,18118800,17225000,
10/2/19 15:32,Glastonbury,Connecticut Light & Power Co,Shops At Somerset Square LLC,New London Turnpike Apts Investors LLC,Massachusetts Mutual Life Insurance Company,Glastonbury MZL LLC,SHP V Glastonbury LLC,Siebar Glastonbury LLC,Connecticut Natural Gas Corp.,Brixmor Residual Shoppes at Fox Run LLC,SBU LLC,44052150,28651700,27459700,18736700,18496300,16839500,16491000,15985280,15604700,12339400,
10/2/19 15:37,Preston,Covanta SE Connecticut Co,CT Light & Power,Yankee Gas Services,Strawberry Park Resort Campground Inc.,Mashantucket Pequot Tribe,Yankee Gas,PAF Commerical Realty LLC,Migliaccio Margaret & Migliaccio William,Pollock Shane J.,Materials Innovation and Recycling Auth,33764700,21294360,10125000,2554350,2466800,1363870,1100760,1016540,929800,907410,
10/2/19 15:42,Bozrah,Hillandale Farms Conn LLC,Bozrah Senior Living LLC,CT Light and Power Co,United Parcel Service Inc,Gilman Brothers Co,Airgus Merchant Gases LLC,Gorin Properties LlC,DJ Motor Sports LLC,Hendricks Commercial,Condell LlC,17582780,5035000,3525460,3100050,2603410,2394850,2175900,1577180,1276050,1137960,
10/2/19 15:46,Glastonbury,Connecticut Light & Power Co,Shops At Somerset Square LLC,New London Turnpike Apts Investors LLC,Massachusetts Mutual Life Insurance Company,Glastonbury Developers,Glastonbury MZL LLC,SHP V Glastonbury LLC,Siebar Glastonbury LLC,CT Natural Gas,Brixmor Residual Shoppes at Fox Run LLC,49984750,28651700,28019300,18736700,18643070,17850000,16797330,15933200,15883400,15604700,
10/4/19 13:29,Sprague,AMGRAPH PACKAGING INC,CONN LIGHT & POWER CO,MOHEGAN GOLF LLC,OAK TREE PACKAGING CORPORATION,YANKEE GAS SERVICES COMPANY,LALIBERTE KEITH,LAPERE JOSEPH L,AVL INVESTMENTS LLC,PINE TREE HOLDINGS LLC,IBC ASSOCIATES LLC,4685140,3152220,2239280,1696170,1117690,897270,676060,575090,484640,428250,